Workbook

Sheet By Store_Dept
A1: Store | B1: Dept | C1: MAD | D1: MAPE | E1: Sales_to_Forecast_Ratio | F1: Forecast_Bias
A2: 1 | B2: 1 | C2: =SUMPRODUCT(('Raw Data'!$A$2:191=1)*('Raw Data'!$B$2:191=1)*('Raw Data'!$F$2:191<>0)*'Raw Data'!$H$2:191)/SUMPRODUCT(('Raw Data'!$A$2:191=1)*('Raw Data'!$B$2:191=1)*('Raw Data'!$F$2:191<>0)*1) | D2: =SUMPRODUCT(('Raw Data'!$A$2:191=1)*('Raw Data'!$B$2:191=1)*('Raw Data'!$F$2:191<>0)*'Raw Data'!$I$2:191)/SUMPRODUCT(('Raw Data'!$A$2:191=1)*('Raw Data'!$B$2:191=1)*('Raw Data'!$F$2:191<>0)*1)*100 | E2: =SUMPRODUCT(('Raw Data'!$A$2:191=1)*('Raw Data'!$B$2:191=1)*('Raw Data'!$F$2:191<>0)*'Raw Data'!$F$2:191)/SUMPRODUCT(('Raw Data'!$A$2:191=1)*('Raw Data'!$B$2:191=1)*('Raw Data'!$F$2:191<>0)*'Raw Data'!$E$2:191) | F2: =SUMPRODUCT(('Raw Data'!$A$2:191=1)*('Raw Data'!$B$2:191=1)*('Raw Data'!$F$2:191<>0)*'Raw Data'!$G$2:191)/SUMPRODUCT(('Raw Data'!$A$2:191=1)*('Raw Data'!$B$2:191=1)*('Raw Data'!$F$2:191<>0)*1)
A3: 1 | B3: 2 | C3: =SUMPRODUCT(('Raw Data'!$A$2:191=1)*('Raw Data'!$B$2:191=2)*('Raw Data'!$F$2:191<>0)*'Raw Data'!$H$2:191)/SUMPRODUCT(('Raw Data'!$A$2:191=1)*('Raw Data'!$B$2:191=2)*('Raw Data'!$F$2:191<>0)*1) | D3: =SUMPRODUCT(('Raw Data'!$A$2:191=1)*('Raw Data'!$B$2:191=2)*('Raw Data'!$F$2:191<>0)*'Raw Data'!$I$2:191)/SUMPRODUCT(('Raw Data'!$A$2:191=1)*('Raw Data'!$B$2:191=2)*('Raw Data'!$F$2:191<>0)*1)*100 | E3: =SUMPRODUCT(('Raw Data'!$A$2:191=1)*('Raw Data'!$B$2:191=2)*('Raw Data'!$F$2:191<>0)*'Raw Data'!$F$2:191)/SUMPRODUCT(('Raw Data'!$A$2:191=1)*('Raw Data'!$B$2:191=2)*('Raw Data'!$F$2:191<>0)*'Raw Data'!$E$2:191) | F3: =SUMPRODUCT(('Raw Data'!$A$2:191=1)*('Raw Data'!$B$2:191=2)*('Raw Data'!$F$2:191<>0)*'Raw Data'!$G$2:191)/SUMPRODUCT(('Raw Data'!$A$2:191=1)*('Raw Data'!$B$2:191=2)*('Raw Data'!$F$2:191<>0)*1)

Sheet Overall
A1: Metric | B1: Value
A2: MAD | B2: =SUMPRODUCT(('Raw Data'!$F$2:191<>0)*'Raw Data'!$H$2:191)/SUMPRODUCT(('Raw Data'!$F$2:191<>0)*1)
A3: MAPE | B3: =SUMPRODUCT(('Raw Data'!$F$2:191<>0)*'Raw Data'!$I$2:191)/SUMPRODUCT(('Raw Data'!$F$2:191<>0)*1)*100
A4: Sales-to-Forecast Ratio | B4: =SUMPRODUCT(('Raw Data'!$F$2:191<>0)*'Raw Data'!$F$2:191)/SUMPRODUCT(('Raw Data'!$F$2:191<>0)*'Raw Data'!$E$2:191)
A5: Forecast Bias | B5: =SUMPRODUCT(('Raw Data'!$F$2:191<>0)*'Raw Data'!$G$2:191)/SUMPRODUCT(('Raw Data'!$F$2:191<>0)*1)
A7: Total Records | B7: =COUNTA('Raw Data'!$A$2:191)
A8: Records Used (non-zero sales) | B8: =SUMPRODUCT(('Raw Data'!$F$2:191<>0)*1)

Sheet Raw Data
A1: store | B1: dept | C1: year | D1: week | E1: forecast | F1: weekly_sales | G1: Error | H1: Absolute_Error | I1: APE
A2: 1 | B2: 1 | C2: 1 | D2: 1 | E2: 31177.28 | F2: 15984.24 | G2: =F2-E2 | H2: =ABS(G2) | I2: =IF(F2=0,"N/A",H2/ABS(F2))
A3: 1 | B3: 1 | C3: 1 | D3: 2 | E3: 28138.672 | F3: 17359.7 | G3: =F3-E3 | H3: =ABS(G3) | I3: =IF(F3=0,"N/A",H3/ABS(F3))
A4: 1 | B4: 1 | C4: 1 | D4: 3 | E4: 25982.877 | F4: 17341.47 | G4: =F4-E4 | H4: =ABS(G4) | I4: =IF(F4=0,"N/A",H4/ABS(F4))
A5: 1 | B5: 1 | C5: 1 | D5: 4 | E5: 24254.596 | F5: 18461.18 | G5: =F5-E5 | H5: =ABS(G5) | I5: =IF(F5=0,"N/A",H5/ABS(F5))
A6: 1 | B6: 1 | C6: 1 | D6: 5 | E6: 23095.913 | F6: 21665.76 | G6: =F6-E6 | H6: =ABS(G6) | I6: =IF(F6=0,"N/A",H6/ABS(F6))
A7: 1 | B7: 1 | C7: 1 | D7: 6 | E7: 22809.882 | F7: 37887.17 | G7: =F7-E7 | H7: =ABS(G7) | I7: =IF(F7=0,"N/A",H7/ABS(F7))
A8: 1 | B8: 1 | C8: 1 | D8: 7 | E8: 25825.34 | F8: 46845.87 | G8: =F8-E8 | H8: =ABS(G8) | I8: =IF(F8=0,"N/A",H8/ABS(F8))
A9: 1 | B9: 1 | C9: 1 | D9: 8 | E9: 30029.446 | F9: 19363.83 | G9: =F9-E9 | H9: =ABS(G9) | I9: =IF(F9=0,"N/A",H9/ABS(F9))
A10: 1 | B10: 1 | C10: 1 | D10: 9 | E10: 27896.323 | F10: 20327.61 | G10: =F10-E10 | H10: =ABS(G10) | I10: =IF(F10=0,"N/A",H10/ABS(F10))
A11: 1 | B11: 1 | C11: 1 | D11: 10 | E11: 26382.58 | F11: 21280.4 | G11: =F11-E11 | H11: =ABS(G11) | I11: =IF(F11=0,"N/A",H11/ABS(F11))
A12: 1 | B12: 1 | C12: 1 | D12: 11 | E12: 25362.144 | F12: 20334.23 | G12: =F12-E12 | H12: =ABS(G12) | I12: =IF(F12=0,"N/A",H12/ABS(F12))
A13: 1 | B13: 1 | C13: 1 | D13: 12 | E13: 24356.561 | F13: 20881.1 | G13: =F13-E13 | H13: =ABS(G13) | I13: =IF(F13=0,"N/A",H13/ABS(F13))
... A191: 1 | B191: 2 | C191: 2 | D191: 43 | E191: 45005.392 | F191: 43134.88 | G191: =F191-E191 | H191: =ABS(G191) | I191: =IF(F191=0,"N/A",H191/ABS(F191))
